{
    "DNfuF1L62WWyW3pNakVkyGGFzVVhj4Yr52jSmdTyeBHm": {
        "props": {
            "pageProps": {
                "addressInfo": {
                    "twitter_bind": false,
                    "twitter_fans_num": 0,
                    "twitter_username": null,
                    "twitter_name": null,
                    "ens": null,
                    "avatar": null,
                    "name": null,
                    "eth_balance": "1946.93000506000000000000",
                    "sol_balance": "1946.93000506000000000000",
                    "trx_balance": "1946.93000506000000000000",
                    "balance": "1946.93000506000000000000",
                    "total_value": 4891079.741976029,
                    "unrealized_profit": 9304.943743564365,
                    "unrealized_pnl": 0.0009065176239626678,
                    "realized_profit": 893315.808144126,
                    "pnl": 2.033706513435327,
                    "pnl_7d": 2.033706513435327,
                    "pnl_30d": 2.7381380813464755,
                    "realized_profit_7d": 303205.374896114,
                    "realized_profit_30d": 893315.808144126,
                    "winrate": 0.9032258064516129,
                    "all_pnl": 1.574243737967644,
                    "total_profit": 8136123.240077649,
                    "total_profit_pnl": 0.8100315565640651,
                    "buy_30d": 98,
                    "sell_30d": 226,
                    "buy_7d": 44,
                    "sell_7d": 87,
                    "buy": 44,
                    "sell": 87,
                    "history_bought_cost": 643954.3083000001,
                    "token_avg_cost": 13701.155495744684,
                    "token_sold_avg_profit": 6451.178189279021,
                    "token_num": 47,
                    "profit_num": 28,
                    "pnl_lt_minus_dot5_num": 0,
                    "pnl_minus_dot5_0x_num": 11,
                    "pnl_lt_2x_num": 22,
                    "pnl_2x_5x_num": 7,
                    "pnl_gt_5x_num": 7,
                    "last_active_timestamp": 1735608681,
                    "tags": [
                        "trojan",
                        "bluechip_owner"
                    ],
                    "tag_rank": {
                        "bluechip_owner": 72,
                        "trojan": 1
                    },
                    "followers_count": 0,
                    "is_contract": false,
                    "updated_at": 1735608681,
                    "refresh_requested_at": null,
                    "address": "DNfuF1L62WWyW3pNakVkyGGFzVVhj4Yr52jSmdTyeBHm"
                },
                "title": "DNfuF...BHm 30D Realized Profit $893.3K(2.03X)",
                "meta": [
                    {
                        "name": "twitter:title",
                        "content": "DNfuF...BHm 30D Realized Profit $893.3K(2.03X)"
                    },
                    {
                        "name": "og:title",
                        "content": "DNfuF...BHm 30D Realized Profit $893.3K(2.03X)"
                    },
                    {
                        "name": "image",
                        "content": "https://gmgn.ai/static/avator_new/39.png"
                    },
                    {
                        "name": "twitter:image",
                        "content": "https://gmgn.ai/static/avator_new/39.png"
                    },
                    {
                        "name": "og:image",
                        "content": "https://gmgn.ai/static/avator_new/39.png"
                    }
                ],
                "addressBg": null
            },
            "__N_SSP": true
        },
        "page": "/[chain]/address/[address]",
        "query": {
            "chain": "sol",
            "address": "DNfuF1L62WWyW3pNakVkyGGFzVVhj4Yr52jSmdTyeBHm"
        },
        "buildId": "_joFvjWhGzHMXq3aoHTCK",
        "isFallback": false,
        "gssp": true,
        "scriptLoader": []
    },
    "DrvR5Xn84VJ2HABTP3SnFi3V4W7EpZS6djoJC7HATeTg": {
        "props": {
            "pageProps": {
                "addressInfo": {
                    "twitter_bind": false,
                    "twitter_fans_num": 0,
                    "twitter_username": null,
                    "twitter_name": null,
                    "ens": null,
                    "avatar": null,
                    "name": null,
                    "eth_balance": "0.42672372100000000000",
                    "sol_balance": "0.42672372100000000000",
                    "trx_balance": "0.42672372100000000000",
                    "balance": "0.42672372100000000000",
                    "total_value": 201797.35850352168,
                    "unrealized_profit": -460229.74264145514,
                    "unrealized_pnl": -0.2445992605780307,
                    "realized_profit": 73090.24282608183,
                    "pnl": 4.969085579064874,
                    "pnl_7d": 4.969085579064874,
                    "pnl_30d": 0.14965671791400695,
                    "realized_profit_7d": 102078.65921296271,
                    "realized_profit_30d": 73090.24282608183,
                    "winrate": 0.5,
                    "all_pnl": 0.12172595898346998,
                    "total_profit": -325856.1599044285,
                    "total_profit_pnl": -0.18452387280920773,
                    "buy_30d": 96,
                    "sell_30d": 67,
                    "buy_7d": 25,
                    "sell_7d": 11,
                    "buy": 25,
                    "sell": 11,
                    "history_bought_cost": 95465.969,
                    "token_avg_cost": 19093.1938,
                    "token_sold_avg_profit": 20415.73184259254,
                    "token_num": 5,
                    "profit_num": 1,
                    "pnl_lt_minus_dot5_num": 0,
                    "pnl_minus_dot5_0x_num": 1,
                    "pnl_lt_2x_num": 3,
                    "pnl_2x_5x_num": 0,
                    "pnl_gt_5x_num": 1,
                    "last_active_timestamp": 1735401194,
                    "tags": [],
                    "tag_rank": {},
                    "followers_count": 0,
                    "is_contract": false,
                    "updated_at": 1735401194,
                    "refresh_requested_at": null,
                    "address": "DrvR5Xn84VJ2HABTP3SnFi3V4W7EpZS6djoJC7HATeTg"
                },
                "title": "DrvR5...eTg 30D Realized Profit $73.1K(4.97X)",
                "meta": [
                    {
                        "name": "twitter:title",
                        "content": "DrvR5...eTg 30D Realized Profit $73.1K(4.97X)"
                    },
                    {
                        "name": "og:title",
                        "content": "DrvR5...eTg 30D Realized Profit $73.1K(4.97X)"
                    },
                    {
                        "name": "image",
                        "content": "https://gmgn.ai/static/avator_new/35.png"
                    },
                    {
                        "name": "twitter:image",
                        "content": "https://gmgn.ai/static/avator_new/35.png"
                    },
                    {
                        "name": "og:image",
                        "content": "https://gmgn.ai/static/avator_new/35.png"
                    }
                ],
                "addressBg": null
            },
            "__N_SSP": true
        },
        "page": "/[chain]/address/[address]",
        "query": {
            "chain": "sol",
            "address": "DrvR5Xn84VJ2HABTP3SnFi3V4W7EpZS6djoJC7HATeTg"
        },
        "buildId": "_joFvjWhGzHMXq3aoHTCK",
        "isFallback": false,
        "gssp": true,
        "scriptLoader": []
    },
    "HUpPyLU8KWisCAr3mzWy2FKT6uuxQ2qGgJQxyTpDoes5": {
        "props": {
            "pageProps": {
                "addressInfo": {
                    "twitter_bind": true,